id,query,country,position,title,seller,price,old_price,link,legit,good_deal,notes
in_iphone-15_0,iPhone 15,in,0,Apple iPhone 15,Flipkart,"₹59,900",,"https://www.google.com/search?ibp=oshop&q=iPhone 15&prds=catalogid:15785253736106745943,productid:6746962392806557762,headlineOfferDocid:3652161252930486937,imageDocid:16409709520162893247,rds:PC_6601648695432433635|PROD_PC_6601648695432433635,gpcid:6601648695432433635,mid:576462758755759090,pvt:hg&hl=en&gl=in&udm=28",1,1,"Flipkart; ₹59,900 vs ₹69,900 MRP"
in_iphone-15_1,iPhone 15,in,1,Apple iPhone 15 Plus,EMI Snapmint,"₹48,199",,"https://www.google.com/search?ibp=oshop&q=iPhone 15&prds=catalogid:7991829112168492419,productid:11492613557542721625,headlineOfferDocid:575533677217015002,imageDocid:3073944492404446314,rds:PC_4702526954592161872|PROD_PC_4702526954592161872,gpcid:4702526954592161872,mid:576462756293218671,pvt:hg&hl=en&gl=in&udm=28",1,,"Snapmint (EMI marketplace); 15 Plus at ₹48,199 — unclear if new or refurbished"
in_iphone-15_2,iPhone 15,in,2,Apple iPhone 15 Pro Max,Cashify,"₹82,499",,"https://www.google.com/search?ibp=oshop&q=iPhone 15&prds=catalogid:2599574324981893862,productid:4972869621501417845,headlineOfferDocid:3535546537264526072,imageDocid:6636992886883810331,rds:PC_6285855430991265102|PROD_PC_6285855430991265102,gpcid:3771882326689571212,mid:576462567056091662,pvt:hg&hl=en&gl=in&udm=28",1,0,Cashify refurbished Pro Max; in line with other refurbished Pro Max listings (~₹81-82k)
in_iphone-15_3,iPhone 15,in,3,Apple iPhone 15 Pro,desertcart.in,"₹1,01,559",,"https://www.google.com/search?ibp=oshop&q=iPhone 15&prds=catalogid:3225823599495019368,productid:12337596112653343762,headlineOfferDocid:4973585066128325434,imageDocid:1599016285284903293,rds:PC_8155392194501963224|PROD_PC_8155392194501963224,gpcid:8155392194501963224,pvt:hg&hl=en&gl=in&udm=28",1,0,desertcart import; 15 Pro at ₹1.02L is above current market
in_iphone-15_4,iPhone 15,in,4,Apple iPhone 15 – Refurbished Certified – AS-IS Grade | 256GB | Black – by Ovantica,Ovantica.com,"₹18,499",,"https://www.google.com/search?ibp=oshop&q=iPhone 15&prds=productid:3968508903264891762,headlineOfferDocid:3968508903264891762,imageDocid:15788927624656458560,rds:PC_6601648695432433635|PROD_PC_6601648695432433635,pvt:hg&hl=en&gl=in&udm=28",1,,"Ovantica is real (mixed reviews); 'AS-IS grade' = condition unknown, can't compare price"
in_iphone-15_5,iPhone 15,in,5,iPhone 15 (128GB_Blue),SS Mobile,"₹69,900",,"https://www.google.com/search?ibp=oshop&q=iPhone 15&prds=productid:11432577924314111884,headlineOfferDocid:11432577924314111884,imageDocid:16850814165562711282,rds:PC_6601648695432433635|PROD_PC_6601648695432433635,pvt:hg&hl=en&gl=in&udm=28",1,0,"SS Mobile (500+ store chain); ₹69,900 = MRP, Flipkart ₹59,900"
in_iphone-15_6,iPhone 15,in,6,Apple iPhone 15 Pro Max 256GB,EMI Snapmint,"₹81,599",,"https://www.google.com/search?ibp=oshop&q=iPhone 15&prds=catalogid:11337896240160481350,productid:5436847981740539926,headlineOfferDocid:8223974816121483907,imageDocid:12025039913335026304,rds:PC_12795037018121803266|PROD_PC_12795037018121803266,gpcid:12795037018121803266,pvt:hg&hl=en&gl=in&udm=28",1,,"Snapmint; Pro Max 256GB ₹81,599 — condition unclear"
in_iphone-15_7,iPhone 15,in,7,Apple iPhone 15 (128 GB) - Negro,ubuy.co.in,"₹89,164",,"https://www.google.com/search?ibp=oshop&q=iPhone 15&prds=productid:4775945629751102225,headlineOfferDocid:4775945629751102225,imageDocid:14195558829100895039,pvt:hg&hl=en&gl=in&udm=28",1,0,"ubuy import at ₹89,164, well above ₹69,900 MRP"
in_iphone-15_8,iPhone 15,in,8,Refurbished Apple iPhone 15 Blue by Cashify,Cashify,"₹44,399",,"https://www.google.com/search?ibp=oshop&q=iPhone 15&prds=productid:6700251440599931343,headlineOfferDocid:6700251440599931343,imageDocid:13791168709069157230,pvt:hg&hl=en&gl=in&udm=28",1,0,Cashify refurbished iPhone 15; typical refurbished price (~₹40-45k)
in_iphone-15_9,iPhone 15,in,9,Apple iPhone 15 128 GB snjallsími,Darling Retail,"₹74,900",,"https://www.google.com/search?ibp=oshop&q=iPhone 15&prds=catalogid:2726720006560815378,productid:10630260865055612257,headlineOfferDocid:3418898387911235054,imageDocid:16844861117666091760,rds:PC_14516470918508340585|PROD_PC_14516470918508340585,gpcid:14516470918508340585,pvt:hg&hl=en&gl=in&udm=28",1,0,"Darling Retail (185+ store chain); ₹74,900 above MRP"
in_samsung-galaxy-s24_0,Samsung Galaxy S24,in,0,Samsung Galaxy S26 5G,dakauf.eu,"₹93,317.71",,"https://www.google.com/search?ibp=oshop&q=Samsung Galaxy S24&prds=catalogid:12410788759146033622,productid:5121613485996243953,headlineOfferDocid:13843385898233012989,imageDocid:6708692064589643120,rds:PC_1767235362374137003|PROD_PC_1767235362374137003,gpcid:1767235362374137003,mid:576462879193290881,pvt:hg&hl=en&gl=in&udm=28",,,"dakauf.eu: EU shop, mixed reviews incl. 'price mistake after payment' complaints"
in_samsung-galaxy-s24_1,Samsung Galaxy S24,in,1,Samsung Galaxy S26 5G,Samsung.com,"₹1,14,999 now",,"https://www.google.com/search?ibp=oshop&q=Samsung Galaxy S24&prds=catalogid:12410788759146033622,productid:5121613485996243953,headlineOfferDocid:9240940662622844425,imageDocid:6708692064589643120,rds:PC_1767235362374137003|PROD_PC_1767235362374137003,gpcid:1767235362374137003,mid:576462879193290881,pvt:hg&hl=en&gl=in&udm=28",1,0,Samsung.com official price
in_samsung-galaxy-s24_2,Samsung Galaxy S24,in,2,"Samsung Galaxy S24 FE 5G (8GB RAM, 128GB, Graphite)",,"₹29,000+",,,,,no seller: Google compare-price card
in_samsung-galaxy-s24_3,Samsung Galaxy S24,in,3,"Samsung Galaxy S24 FE 5G (8GB RAM, 128GB, Mint)",,,,,,,no seller: Google compare-price card
in_samsung-galaxy-s24_4,Samsung Galaxy S24,in,4,"Samsung Galaxy S24 FE 5G (8GB RAM, 128GB, Blue)",,,,,,,no seller: Google compare-price card
in_samsung-galaxy-s24_5,Samsung Galaxy S24,in,5,"Samsung Galaxy S24 5g (amber Yellow, 256 Gb, 4000 Mah)",,,,,,,no seller: Google compare-price card
in_samsung-galaxy-s24_6,Samsung Galaxy S24,in,6,"Samsung Galaxy S24 5g (cobalt Violet, 256 Gb, 4000 Mah)",,"₹55,000+",,,,,no seller: Google compare-price card
in_samsung-galaxy-s24_7,Samsung Galaxy S24,in,7,"Samsung Galaxy S24 Ultra 512GB Titanium Gray, Imported",Design Info,"₹74,999",,"https://www.google.com/search?ibp=oshop&q=Samsung Galaxy S24&prds=productid:2739222214338370715,headlineOfferDocid:2739222214338370715,imageDocid:16136503422870481515,rds:PC_4950077602199056236|PROD_PC_4950077602199056236,pvt:hg&hl=en&gl=in&udm=28",1,1,"Design Info (Indian retailer); S24 Ultra 512GB imported at ₹74,999, below usual Indian price for 256GB; no India warranty"
in_samsung-galaxy-s24_8,Samsung Galaxy S24,in,8,Monitor Samsung ls24d304gauxen Full Hd 24,ubuy.co.in,"₹10,545",,"https://www.google.com/search?ibp=oshop&q=Samsung Galaxy S24&prds=catalogid:3161139895608496433,productid:4708348253237448186,headlineOfferDocid:13182617097396540696,imageDocid:12878121683194874615,rds:PC_5008687086930242478|PROD_PC_5008687086930242478,gpcid:5008687086930242478,mid:576462892676347787,pvt:hg&hl=en&gl=in&udm=28",1,0,"ubuy import; 24"" FHD monitor typically ₹7-9k in India"
in_samsung-galaxy-s24_9,Samsung Galaxy S24,in,9,"Recertified - Samsung S24C450 DVI+VGA 1920x1080 24"" Monitor, Black",desertcart.in,"₹38,374",,"https://www.google.com/search?ibp=oshop&q=Samsung Galaxy S24&prds=catalogid:17015835374381179490,productid:13834236606706504276,headlineOfferDocid:13514842376585726253,imageDocid:3328160023477603100,pvt:hg&hl=en&gl=in&udm=28",1,0,"desertcart recertified 24"" monitor at ₹38k — far above new price"
in_boat-airdopes-earbuds_0,boAt Airdopes earbuds,in,0,"Boat Airdopes 213, 50H Battery",Solutions World,"₹4,599",,"https://www.google.com/search?ibp=oshop&q=boAt Airdopes earbuds&prds=productid:1416162683020905983,headlineOfferDocid:1416162683020905983,imageDocid:5390715044464045930,rds:PC_7784049715809830982|PROD_PC_7784049715809830982,pvt:hg&hl=en&gl=in&udm=28",1,0,"Solutions World (established Mumbai retailer); Airdopes 213 at ₹4,599 far above typical"
in_boat-airdopes-earbuds_1,boAt Airdopes earbuds,in,1,"boAt Airdopes 131/138 TWS Earbuds w/ 60H Playtime, 13mm Drivers, ASAP Charge & BTv5.1 (Onesize) by Myntra",Myntra,"₹2,990",,"https://www.google.com/search?ibp=oshop&q=boAt Airdopes earbuds&prds=productid:4378514203240297818,headlineOfferDocid:4378514203240297818,imageDocid:9587876137742082540,pvt:hg&hl=en&gl=in&udm=28",1,0,"Myntra; ₹2,990 is MRP, usually sells ~₹1,000"
in_boat-airdopes-earbuds_2,boAt Airdopes earbuds,in,2,boAt Airdopes Alpha - True Wireless Earbuds,Frisky Global,₹999,,"https://www.google.com/search?ibp=oshop&q=boAt Airdopes earbuds&prds=productid:2131750508778821592,headlineOfferDocid:2131750508778821592,imageDocid:12323216149246325855,rds:PC_3393757182747677985|PROD_PC_3393757182747677985,pvt:hg&hl=en&gl=in&udm=28",,,Frisky Global: no reviews anywhere
in_boat-airdopes-earbuds_3,boAt Airdopes earbuds,in,3,boAt Airdopes 141,Cashify,"₹1,199",,"https://www.google.com/search?ibp=oshop&q=boAt Airdopes earbuds&prds=productid:12578018212618345154,headlineOfferDocid:12578018212618345154,imageDocid:14507166670374324470,rds:PC_8839480468380139259|PROD_PC_8839480468380139259,pvt:hg&hl=en&gl=in&udm=28",1,0,"Cashify; Airdopes 141 ~₹1,100-1,300 elsewhere"
in_boat-airdopes-earbuds_4,boAt Airdopes earbuds,in,4,boAt Airdopes 141 Elite in-Ear Truly Wireless Bluetooth v5.3...,Gadgets Now,"₹5,790",,"https://www.google.com/search?ibp=oshop&q=boAt Airdopes earbuds&prds=productid:13168841190037278466,headlineOfferDocid:13168841190037278466,imageDocid:11193527607263547917,rds:PC_8255531293499601866|PROD_PC_8255531293499601866,pvt:hg&hl=en&gl=in&udm=28",1,0,"Gadgets Now (Times Internet shop); ₹5,790 far above typical"
in_boat-airdopes-earbuds_5,boAt Airdopes earbuds,in,5,"boAt Airdopes 281 True Wireless Bluetooth (Furious Blue, True Wireless),(unboxed)",Banjara Electronics,"₹1,099",,"https://www.google.com/search?ibp=oshop&q=boAt Airdopes earbuds&prds=productid:4058922989731623404,headlineOfferDocid:4058922989731623404,imageDocid:17857522472104188600,rds:PC_8627082203010371993|PROD_PC_8627082203010371993,pvt:hg&hl=en&gl=in&udm=28",0,,Banjara Electronics: Trustpilot full of non-delivery / wrong-spec complaints
in_boat-airdopes-earbuds_6,boAt Airdopes earbuds,in,6,"boAt Re-launched Airdopes 800 TWS earbuds with Dolby Audio, adaptive EQ by Mimi, 40 hours playback, 4 microphones with AI-ENx, multi-point connection,",desertcart.in,"₹13,047",,"https://www.google.com/search?ibp=oshop&q=boAt Airdopes earbuds&prds=productid:5689423866029150959,headlineOfferDocid:5689423866029150959,imageDocid:13377848105070967975,rds:PC_7515343444394554715|PROD_PC_7515343444394554715,pvt:hg&hl=en&gl=in&udm=28",1,0,desertcart import; Airdopes 800 ~₹3k in India
in_boat-airdopes-earbuds_7,boAt Airdopes earbuds,in,7,"boAt Newly Launched Airdopes 800 TWS Earbuds with Dolby Audio, Adaptive EQ by Mimi, 40 hrs Playback, 4 Mics with AI-ENx,Multipoint Connection,Hearable",desertcart.in,"₹17,439",,"https://www.google.com/search?ibp=oshop&q=boAt Airdopes earbuds&prds=productid:792102436509923363,headlineOfferDocid:792102436509923363,imageDocid:16935347817459911894,rds:PC_7515343444394554715|PROD_PC_7515343444394554715,pvt:hg&hl=en&gl=in&udm=28",1,0,desertcart import; Airdopes 800 ~₹3k in India
in_boat-airdopes-earbuds_8,boAt Airdopes earbuds,in,8,"boAt Airdopes 800: Dolby Audio, Adaptive EQ, 4Mics AI ENx, App Support, Fast Charge, Low Latency, IPX5, v5.3 Bluetooth TWS Earbuds (Interstellar Black",desertcart.in,"₹9,970",,"https://www.google.com/search?ibp=oshop&q=boAt Airdopes earbuds&prds=productid:4884849743403107255,headlineOfferDocid:4884849743403107255,imageDocid:13377848105070967975,rds:PC_7515343444394554715|PROD_PC_7515343444394554715,pvt:hg&hl=en&gl=in&udm=28",1,0,desertcart import; Airdopes 800 ~₹3k in India
in_boat-airdopes-earbuds_9,boAt Airdopes earbuds,in,9,boAt Airdopes Prime 512 (EMI: ₹ 439 / mon),EMI Snapmint,"₹1,299",,"https://www.google.com/search?ibp=oshop&q=boAt Airdopes earbuds&prds=productid:13345857847170503665,headlineOfferDocid:13345857847170503665,imageDocid:10018310384942460223,rds:PC_9935551619461311412|PROD_PC_9935551619461311412,pvt:hg&hl=en&gl=in&udm=28",1,,"Snapmint; unfamiliar model, can't judge price"
in_sony-wh-1000xm5_0,Sony WH-1000XM5,in,0,Sony WH-1000XM5 Wireless Noise Cancelling Headphones,Amazon.in,"₹29,680",,"https://www.google.com/search?ibp=oshop&q=Sony WH-1000XM5&prds=catalogid:12461101498106975479,productid:10852861497936325958,headlineOfferDocid:6584650344737920542,imageDocid:13508659965755668511,rds:PC_11726664398501807381|PROD_PC_11726664398501807381,gpcid:11726664398501807381,mid:576462892684740299,pvt:hg&hl=en&gl=in&udm=28",1,0,"Amazon.in; ₹29,680 is the usual selling price"
in_sony-wh-1000xm5_1,Sony WH-1000XM5,in,1,Sony WH-1000XM5 Wireless Noise-Canceling Headphones,AJIO.com,"₹23,664","32% off₹34,990","https://www.google.com/search?ibp=oshop&q=Sony WH-1000XM5&prds=catalogid:14556986932651510680,productid:150833558996812612,headlineOfferDocid:2540198615939212682,imageDocid:14085672483349895987,rds:PC_6041308795368515351|PROD_PC_6041308795368515351,gpcid:6041308795368515351,mid:576462912449346304,pvt:hg&hl=en&gl=in&udm=28",1,1,"AJIO; ₹23,664, well below usual ~₹29k"
in_sony-wh-1000xm5_2,Sony WH-1000XM5,in,2,Joyus Sony WH-1000XM5 Wireless Noise Canceling Headphones,Myntra,"₹27,199",,"https://www.google.com/search?ibp=oshop&q=Sony WH-1000XM5&prds=catalogid:10740075995289707560,productid:12652293980931910956,headlineOfferDocid:8601000088115733670,imageDocid:977517922270189320,rds:PC_15544113663339316856|PROD_PC_15544113663339316856,gpcid:15544113663339316856,mid:576462897982990997,pvt:hg&hl=en&gl=in&udm=28",1,1,"Myntra marketplace; ₹27,199 below usual ~₹29k"
in_sony-wh-1000xm5_3,Sony WH-1000XM5,in,3,Sony Unisex Best Active Wireless Bluetooth Headphones with Mic-WH-1000XM5 (Purple),AJIO.com,"₹23,664","32% off₹34,990","https://www.google.com/search?ibp=oshop&q=Sony WH-1000XM5&prds=productid:17211535007738878624,headlineOfferDocid:17211535007738878624,imageDocid:12097836595521527270,rds:PC_12058368639360109844|PROD_PC_12058368639360109844,pvt:hg&hl=en&gl=in&udm=28",1,1,"AJIO; ₹23,664"
in_sony-wh-1000xm5_4,Sony WH-1000XM5,in,4,Sony Noise Cancelling Wireless Headphones,Amazon.in,"₹57,326",,"https://www.google.com/search?ibp=oshop&q=Sony WH-1000XM5&prds=catalogid:5759843087847737750,productid:12956358215940977545,headlineOfferDocid:215176011501847079,imageDocid:15523881879634955435,rds:PC_14540395868648090277|PROD_PC_14540395868648090277,gpcid:14540395868648090277,pvt:hg&hl=en&gl=in&udm=28",1,0,"Amazon.in; ₹57,326 far above XM5 price (import/other model)"
in_sony-wh-1000xm5_5,Sony WH-1000XM5,in,5,WH-1000XM5 Wireless Noise Canceling Headphones with Bundle For Music & Calls,Tata CLiQ Jewellery,"₹26,499","Usually ₹44,410","https://www.google.com/search?ibp=oshop&q=Sony WH-1000XM5&prds=catalogid:1171770757503855804,productid:15242134098106985053,headlineOfferDocid:1544102282075648051,imageDocid:5154979041459141446,gpcid:4958901905211647540,pvt:hg&hl=en&gl=in&udm=28",1,1,"Tata CLiQ marketplace; ₹26,499 with bundle"
in_sony-wh-1000xm5_6,Sony WH-1000XM5,in,6,"Sony WH-1000XM5 Best Active Noise Cancelling Wireless Bluetooth Over Ear Headphones with Mic for Clear Calling,Battery Life 30 Hours-Smoky Pink",ShopatSC,"₹31,990",,"https://www.google.com/search?ibp=oshop&q=Sony WH-1000XM5&prds=catalogid:1499431658164969819,productid:17802921684456455775,headlineOfferDocid:1422722430824663509,imageDocid:13603409559140687070,pvt:hg&hl=en&gl=in&udm=28",1,0,"ShopatSC = Sony authorised store; ₹31,990 above usual street price"
in_sony-wh-1000xm5_7,Sony WH-1000XM5,in,7,Sony WH-1000XM5 नॉइज़ कैंसलिंग वायरलेस हेडफ़ोन - 30 घंटे की बैटरी लाइफ़ - ओवर-ईयर स्टाइल - Alexa और Google असिस्टेंट के लिए ऑप्टिमाइज़्ड - फ़ोन कॉल के,amazon.in,₹7,,"https://www.google.com/search?ibp=oshop&q=Sony WH-1000XM5&prds=productid:2807868374500124720,headlineOfferDocid:2807868374500124720,imageDocid:15523881879634955435,rds:PC_4329699917996912721|PROD_PC_4329699917996912721,pvt:hg&hl=en&gl=in&udm=28",,,"amazon.in listing at ₹7 — price is a data error, can't label"
in_sony-wh-1000xm5_8,Sony WH-1000XM5,in,8,Sony WH-1000XM5 Industry Leading Noise-Cancelling Headphones,LowestRate Shopping,"₹31,989",,"https://www.google.com/search?ibp=oshop&q=Sony WH-1000XM5&prds=catalogid:10064880604952308763,productid:6571195606222575407,headlineOfferDocid:5444129647168350945,imageDocid:18354481516284129502,rds:PC_6217346714516729274|PROD_PC_6217346714516729274,gpcid:6217346714516729274,mid:576462898021932396,pvt:hg&hl=en&gl=in&udm=28",1,0,"LowestRate (Nehru Place retailer, mixed reviews); ₹31,989 above usual"
in_sony-wh-1000xm5_9,Sony WH-1000XM5,in,9,Sony Wireless Headphones 30 Hours Playback Time,papita.co,"₹24,493.48",,"https://www.google.com/search?ibp=oshop&q=Sony WH-1000XM5&prds=catalogid:3516539798802378313,productid:15332666755639234639,headlineOfferDocid:16097430085740459545,imageDocid:4985414934031862451,gpcid:1153512034828086806,mid:576462898564361426,pvt:hg&hl=en&gl=in&udm=28",,,papita.co: no information found
in_hp-victus-gaming-laptop_0,HP Victus gaming laptop,in,0,HP Victus Gaming Laptop,Amazon.in,"₹1,16,000",,"https://www.google.com/search?ibp=oshop&q=HP Victus gaming laptop&prds=catalogid:3708048934263085785,productid:15954023033061614795,headlineOfferDocid:14173441589606741233,imageDocid:9423219431069525458,rds:PC_4909020454252952272|PROD_PC_4909020454252952272,gpcid:4909020454252952272,pvt:hg&hl=en&gl=in&udm=28",1,,Amazon.in; model not specified
in_hp-victus-gaming-laptop_1,HP Victus gaming laptop,in,1,"Victus Gaming Laptop 15-fb3383AX -15.6 "" -39.6 cm diagonal FHD 144 Hz",HP Store India,"₹94,999",,"https://www.google.com/search?ibp=oshop&q=HP Victus gaming laptop&prds=catalogid:10089584187598531100,productid:7304279197219850706,headlineOfferDocid:14215289637113816329,imageDocid:1611036899650113046,rds:PC_12088290673628221443|PROD_PC_12088290673628221443,gpcid:12088290673628221443,pvt:hg&hl=en&gl=in&udm=28",1,0,HP Store official price
in_hp-victus-gaming-laptop_2,HP Victus gaming laptop,in,2,HP Victus 15-fa2197TX Intel Core i5 13th Gen Gaming Laptop,Reliance Digital,"₹81,495","2% off₹83,495","https://www.google.com/search?ibp=oshop&q=HP Victus gaming laptop&prds=catalogid:6773156455371569201,productid:14125982280356648876,headlineOfferDocid:3926326798253683760,imageDocid:14087610461919933348,rds:PC_6136060883912467128|PROD_PC_6136060883912467128,gpcid:6136060883912467128,pvt:hg&hl=en&gl=in&udm=28",1,0,Reliance Digital; only 2% below its list price
in_hp-victus-gaming-laptop_3,HP Victus gaming laptop,in,3,"Victus Gaming Laptop 15-fb3385AX -15.6 "" -39.6 cm diagonal FHD 144 Hz",HP Store India,"₹1,19,999",,"https://www.google.com/search?ibp=oshop&q=HP Victus gaming laptop&prds=catalogid:8705616004021824233,productid:9589606634934384183,headlineOfferDocid:16737104712369820521,imageDocid:13594383558837576867,rds:PC_14173174879825798646|PROD_PC_14173174879825798646,gpcid:14173174879825798646,pvt:hg&hl=en&gl=in&udm=28",1,0,HP Store official price
in_hp-victus-gaming-laptop_4,HP Victus gaming laptop,in,4,"Victus Gaming Laptop 15-fa3006TX -15.6 "" -39.6 cm diagonal FHD",HP Store India,"₹1,24,999",,"https://www.google.com/search?ibp=oshop&q=HP Victus gaming laptop&prds=catalogid:15579593654989189010,productid:16405225524517351648,headlineOfferDocid:8072282600545126900,imageDocid:18414134158265927353,rds:PC_564996964062965671|PROD_PC_564996964062965671,gpcid:564996964062965671,pvt:hg&hl=en&gl=in&udm=28",1,0,HP Store official price
in_hp-victus-gaming-laptop_5,HP Victus gaming laptop,in,5,HP Victus 39.6 cm Gaming Laptop 15-fb3118AX,Amazon.in,"₹1,14,990",,"https://www.google.com/search?ibp=oshop&q=HP Victus gaming laptop&prds=catalogid:15145608181259585751,productid:10049274223497696399,headlineOfferDocid:1016506718103704018,imageDocid:2177300014778149484,rds:PC_5438691251864796646|PROD_PC_5438691251864796646,gpcid:15488671142349480151,mid:576462865569058517,pvt:hg&hl=en&gl=in&udm=28",1,0,Amazon.in; near official pricing for this config
in_hp-victus-gaming-laptop_6,HP Victus gaming laptop,in,6,HP Victus Gaming AMD Ryzen 7 7445HS Windows 11 Home Laptop,Flipkart,"₹94,144","15% off₹1,10,990","https://www.google.com/search?ibp=oshop&q=HP Victus gaming laptop&prds=catalogid:10456789176815846859,productid:16151774366532668364,headlineOfferDocid:11179870409455175612,imageDocid:16858353586913462686,rds:PC_12609118366025336088|PROD_PC_12609118366025336088,gpcid:12609118366025336088,pvt:hg&hl=en&gl=in&udm=28",1,1,"Flipkart; 15% below ₹1,10,990 list"
in_hp-victus-gaming-laptop_7,HP Victus gaming laptop,in,7,HP Victus 15-fb3125AX AMD Ryzen 7 Gaming Laptop,Reliance Digital,"₹79,495","2% off₹81,495","https://www.google.com/search?ibp=oshop&q=HP Victus gaming laptop&prds=catalogid:5925026510360891791,productid:15850875510302227779,headlineOfferDocid:6937462363408188558,imageDocid:7471306769379075476,rds:PC_9078529667293276037|PROD_PC_9078529667293276037,gpcid:9078529667293276037,pvt:hg&hl=en&gl=in&udm=28",1,0,Reliance Digital; 2% off
in_hp-victus-gaming-laptop_8,HP Victus gaming laptop,in,8,HP Victus Gaming Intel Core I5 12th Gen Windows 11 Home Laptop,GameLoot,"₹35,000",,"https://www.google.com/search?ibp=oshop&q=HP Victus gaming laptop&prds=catalogid:16677726237088561150,productid:6311926127568612817,headlineOfferDocid:5689998360555371267,imageDocid:3450791780786790734,rds:PC_15933167962553721902|PROD_PC_15933167962553721902,gpcid:15933167962553721902,pvt:hg&hl=en&gl=in&udm=28",1,,"GameLoot (used-gear marketplace, mixed reviews); used laptop, can't compare"
in_hp-victus-gaming-laptop_9,HP Victus gaming laptop,in,9,HP Victus 15-fb0178AX AMD Ryzen 5 5600H Gaming Laptop,Reliance Digital,"₹70,495",,"https://www.google.com/search?ibp=oshop&q=HP Victus gaming laptop&prds=catalogid:4949096248470389860,productid:4078640765469959840,headlineOfferDocid:8453543114462906896,imageDocid:17813950494200345410,gpcid:16403636177767624423,pvt:hg&hl=en&gl=in&udm=28",1,0,Reliance Digital; older Ryzen 5 5600H model at ₹70k is above its usual price
in_apple-watch-series-9_0,Apple Watch Series 9,in,0,Apple Watch Series 8 GPS Cellular Case Sport Band,GoSupps.com,"₹76,237.92",,"https://www.google.com/search?ibp=oshop&q=Apple Watch Series 9&prds=catalogid:2526073123467873116,productid:5014024857053961474,headlineOfferDocid:3612909194096458791,imageDocid:14167973801679022345,rds:PC_8181814704176946013|PROD_PC_8181814704176946013,gpcid:8181814704176946013,mid:576462872468467082,pvt:hg&hl=en&gl=in&udm=28",1,0,"GoSupps (US importer, legit); old Series 8 at ₹76k"
in_apple-watch-series-9_1,Apple Watch Series 9,in,1,Apple Watch Series 11 GPS + Cellular 46mm Aluminium Case,The Bank of Electronics,"₹43,499",,"https://www.google.com/search?ibp=oshop&q=Apple Watch Series 9&prds=catalogid:7756752450444869073,productid:6264177664860348144,headlineOfferDocid:770223082432754398,imageDocid:14663353598302884238,rds:PC_17328640760410435550|PROD_PC_17328640760410435550,gpcid:17328640760410435550,mid:576462889094957963,pvt:hg&hl=en&gl=in&udm=28",1,1,"The Bank of Electronics (Mumbai, good reviews); ₹43,499 vs Amazon ₹46,900 same model"
in_apple-watch-series-9_2,Apple Watch Series 9,in,2,Apple Watch Series 11 GPS + Cellular 46mm Aluminium Case,Amazon.in,"₹46,900",,"https://www.google.com/search?ibp=oshop&q=Apple Watch Series 9&prds=catalogid:7756752450444869073,productid:6264177664860348144,headlineOfferDocid:16423124513859773990,imageDocid:14663353598302884238,rds:PC_17328640760410435550|PROD_PC_17328640760410435550,gpcid:17328640760410435550,mid:576462889094957963,pvt:hg&hl=en&gl=in&udm=28",1,0,"Amazon.in; ₹46,900 = Apple price"
in_apple-watch-series-9_3,Apple Watch Series 9,in,3,Apple Watch Series 11 GPS + Cellular 46mm Aluminium Case,Amazon.in,"₹46,900",,"https://www.google.com/search?ibp=oshop&q=Apple Watch Series 9&prds=catalogid:7756752450444869073,productid:6264177664860348144,headlineOfferDocid:7065937966542871511,imageDocid:14663353598302884238,rds:PC_17328640760410435550|PROD_PC_17328640760410435550,gpcid:17328640760410435550,mid:576462889094957963,pvt:hg&hl=en&gl=in&udm=28",1,0,"Amazon.in; ₹46,900 = Apple price"
in_apple-watch-series-9_4,Apple Watch Series 9,in,4,"Apple Watch Series 9 [GPS + Cellular, 45mm] - Red Aluminum Case with Red Sport Band, M/L (Renewed)",Desertcart.ae,"₹30,368.78",,"https://www.google.com/search?ibp=oshop&q=Apple Watch Series 9&prds=productid:11089017191853819539,headlineOfferDocid:11089017191853819539,imageDocid:11063419240076446337,rds:PC_16163164982229625925|PROD_PC_16163164982229625925,pvt:hg&hl=en&gl=in&udm=28",1,,desertcart; renewed Series 9 — no clear reference
in_apple-watch-series-9_5,Apple Watch Series 9,in,5,Apple Watch Series 9 - 41mm - GPS - Midnight Aluminium Case - Midnight Sport Band - M/L,,"₹44,000+",,,,,no seller: Google compare-price card
in_apple-watch-series-9_6,Apple Watch Series 9,in,6,Apple Watch Series 9 - 45mm - GPS - Midnight Aluminium Case - Midnight Sport Band - M/L,,"₹44,000+",,,,,no seller: Google compare-price card
in_apple-watch-series-9_7,Apple Watch Series 9,in,7,Apple Watch Series 9 - 45mm - GPS + Cellular - Midnight Aluminium Case - Midnight Sport Band - M/L,,"₹44,000+",,,,,no seller: Google compare-price card
in_apple-watch-series-9_8,Apple Watch Series 9,in,8,Apple Watch Series 9 - 45mm - GPS - Midnight Aluminium Case - Midnight Sport Band - S/M,,"₹44,000+",,,,,no seller: Google compare-price card
in_apple-watch-series-9_9,Apple Watch Series 9,in,9,Samsung Galaxy Watch9,JioMart Electronics,"₹44,999",,"https://www.google.com/search?ibp=oshop&q=Apple Watch Series 9&prds=catalogid:10752410058760961478,productid:10850840677380729752,headlineOfferDocid:6401044475654571853,imageDocid:14644682044641075972,rds:PC_12731656749555582257|PROD_PC_12731656749555582257,gpcid:12731656749555582257,mid:576462914492405143,pvt:hg&hl=en&gl=in&udm=28",1,,JioMart; unfamiliar model/price
in_nike-air-force-1_0,Nike Air Force 1,in,0,Nike Women Force Purple Basketball Shoes (UK 8) At Nykaa Fashion - Your Online Shopping Store,Nykaa Fashion,"₹10,795",,"https://www.google.com/search?ibp=oshop&q=Nike Air Force 1&prds=productid:9202751879870593752,headlineOfferDocid:9202751879870593752,imageDocid:4136018440617124948,rds:PC_907184281466721710|PROD_PC_907184281466721710,pvt:a&hl=en&gl=in&udm=28",1,0,"Nykaa Fashion; ₹10,795 = Nike retail"
in_nike-air-force-1_1,Nike Air Force 1,in,1,Nike Air Force 1 Retro Premium Low-Tops - US6,Cettire,"₹11,229.65",,"https://www.google.com/search?ibp=oshop&q=Nike Air Force 1&prds=productid:3680133515267854943,headlineOfferDocid:3680133515267854943,imageDocid:10461282721478753192,rds:PC_230108509779077599|PROD_PC_230108509779077599,pvt:a&hl=en&gl=in&udm=28",1,0,Cettire (legit grey-market reseller); slightly above retail
in_nike-air-force-1_2,Nike Air Force 1,in,2,Nike Air Force 1 Low Retro Premium Ribbon Lace Hydrogen Blue (Women's),StockX,"₹7,575.94",,"https://www.google.com/search?ibp=oshop&q=Nike Air Force 1&prds=productid:10908844562566516261,headlineOfferDocid:10908844562566516261,imageDocid:2899099176950414766,rds:PC_230108509779077599|PROD_PC_230108509779077599,pvt:a&hl=en&gl=in&udm=28",1,1,"StockX; ₹7,576 below ~₹10.8k retail"
in_nike-air-force-1_3,Nike Air Force 1,in,3,Nike Air Force 1 Mid Paris Pollen,Court Order,"₹24,588.65",,"https://www.google.com/search?ibp=oshop&q=Nike Air Force 1&prds=productid:8300206302298700105,headlineOfferDocid:8300206302298700105,imageDocid:8678640014546014767,rds:PC_5259799898758095716|PROD_PC_5259799898758095716,pvt:a&hl=en&gl=in&udm=28",1,,"Court Order (Indian sneaker reseller); collab resale price, no clear reference"
in_nike-air-force-1_4,Nike Air Force 1,in,4,Nike Air Force 1 Mid Flax Outdoor Green,StockX,"₹7,192.35",,"https://www.google.com/search?ibp=oshop&q=Nike Air Force 1&prds=productid:14421276875684464537,headlineOfferDocid:14421276875684464537,imageDocid:8545547070920224916,rds:PC_5259799898758095716|PROD_PC_5259799898758095716,pvt:a&hl=en&gl=in&udm=28",1,1,"StockX; ₹7,192 below retail"
in_nike-air-force-1_5,Nike Air Force 1,in,5,Nike Air Force 1 Mid Flax Outdoor Green,StockX,"₹7,192.35",,"https://www.google.com/search?ibp=oshop&q=Nike Air Force 1&prds=productid:15737765887089345908,headlineOfferDocid:15737765887089345908,imageDocid:8545547070920224916,rds:PC_5259799898758095716|PROD_PC_5259799898758095716,pvt:a&hl=en&gl=in&udm=28",1,1,"StockX; ₹7,192 below retail"
in_nike-air-force-1_6,Nike Air Force 1,in,6,【US11】 NIKE AIR FORCE 1 LOW RETRO PRM IM3078-200 【DS】,wormtokyo.com,"₹8,237.96",,"https://www.google.com/search?ibp=oshop&q=Nike Air Force 1&prds=productid:13653598138095108091,headlineOfferDocid:13653598138095108091,imageDocid:17997212741558725700,rds:PC_17539251094680984318|PROD_PC_17539251094680984318,pvt:a&hl=en&gl=in&udm=28",,,"wormtokyo.com: overseas shop, couldn't verify"
in_nike-air-force-1_7,Nike Air Force 1,in,7,Nike Air Force 1 Mid White/White 9,stencil.co.nz,"₹11,700",,"https://www.google.com/search?ibp=oshop&q=Nike Air Force 1&prds=productid:1401025453858274475,headlineOfferDocid:1401025453858274475,imageDocid:9847877109175187061,rds:PC_5259799898758095716|PROD_PC_5259799898758095716,pvt:a&hl=en&gl=in&udm=28",,,"stencil.co.nz: overseas shop, couldn't verify"
in_nike-air-force-1_8,Nike Air Force 1,in,8,Buy Nike Air Force 1 Retro Premium Women's Shoes Oatmeal/Pale Ivory-Oatmeal | Superkicks 4,Superkicks,"₹10,795",,"https://www.google.com/search?ibp=oshop&q=Nike Air Force 1&prds=productid:17088993148476151885,headlineOfferDocid:17088993148476151885,imageDocid:5828129617227377348,rds:PC_230108509779077599|PROD_PC_230108509779077599,pvt:a&hl=en&gl=in&udm=28",1,0,Superkicks (authorised retailer); retail price
in_nike-air-force-1_9,Nike Air Force 1,in,9,Nike Air Force 1 Black/White UK 10.5 / Ships In 28 Days,Mainstreet Marketplace,"₹14,199",,"https://www.google.com/search?ibp=oshop&q=Nike Air Force 1&prds=productid:7809781384635283906,headlineOfferDocid:7809781384635283906,imageDocid:13111651108264969732,rds:PC_17847231456649171432|PROD_PC_17847231456649171432,pvt:a&hl=en&gl=in&udm=28",0,,"Mainstreet: reported cash crunch, unprocessed refunds, delayed deliveries"
in_philips-air-fryer_0,Philips air fryer,in,0,Philips Gc1920 Steam Iron,vlebazaar.in,"₹1,363.12","₹1,549","https://www.google.com/search?ibp=oshop&q=Philips air fryer&prds=catalogid:9356681115172578884,productid:15221036266349484713,headlineOfferDocid:2663503240941397352,imageDocid:14214209751168626388,rds:PC_13639306981918921453|PROD_PC_13639306981918921453,gpcid:13639306981918921453,mid:576462716881547789,pvt:hg&hl=en&gl=in&udm=28",0,,"vlebazaar.in: 2.1★, 74% negative — used/defective items, refunds not processed"
in_philips-air-fryer_1,Philips air fryer,in,1,"Philips Multi Grooming Kit MG3760/33, 11-in-1, Face, Head and Body",Flipkart,"₹1,881","41% off₹3,195","https://www.google.com/search?ibp=oshop&q=Philips air fryer&prds=catalogid:7533000827797124193,productid:1604303444267441319,headlineOfferDocid:12937159183767769169,imageDocid:10092388752972423355,rds:PC_11869102693352024032|PROD_PC_11869102693352024032,gpcid:11869102693352024032,mid:576462725899274669,pvt:hg&hl=en&gl=in&udm=28",1,0,"Flipkart; MG3760 usually ~₹1,800-2,000"
in_philips-air-fryer_2,Philips air fryer,in,2,Philips 15w Round Astraglow Surface Dl 3in1 Ceiling Light Ceiling Lamp,Flipkart,"₹1,965","47% off₹3,720","https://www.google.com/search?ibp=oshop&q=Philips air fryer&prds=catalogid:10644189051791912084,productid:14394007965357975912,headlineOfferDocid:6357081596354445840,imageDocid:1198386778736672760,gpcid:15756790772544763989,mid:576462549118253351,pvt:hg&hl=en&gl=in&udm=28",1,,Flipkart; unfamiliar product price
in_philips-air-fryer_3,Philips air fryer,in,3,"Ninja Foodi FlexDrawer Air Fryer, Dual Zone, Black and Copper",ubuy.co.in,"₹13,790","Was ₹22,195","https://www.google.com/search?ibp=oshop&q=Philips air fryer&prds=catalogid:4660222822366431736,productid:5591442822261109198,headlineOfferDocid:6810128500309079906,imageDocid:14096157952261941081,rds:PC_16582210005645934722|PROD_PC_16582210005645934722,gpcid:16582210005645934722,mid:576462888393481472,pvt:hg&hl=en&gl=in&udm=28",1,1,"ubuy import; Ninja FlexDrawer ₹13,790 ≈ below US price converted"
in_philips-air-fryer_4,Philips air fryer,in,4,Philips i9000 Prestige Ultra Rechargeable Cordless Electric Shaver for Face & Neck for Men,ubuy.co.in,"₹40,249","Was ₹52,832","https://www.google.com/search?ibp=oshop&q=Philips air fryer&prds=catalogid:12075434071624962106,productid:10430999244153361914,headlineOfferDocid:12309014617331011646,imageDocid:4269418979579882181,rds:PC_7658446931783253690|PROD_PC_7658446931783253690,gpcid:7658446931783253690,mid:576462567986641362,pvt:hg&hl=en&gl=in&udm=28",1,0,ubuy import; i9000 Prestige far above India price
in_philips-air-fryer_5,Philips air fryer,in,5,Philips MMS8085B 94 2.1 Channel Convertible Multimedia Speaker System,Electronix Hub,"₹4,890","Usually ₹7,089","https://www.google.com/search?ibp=oshop&q=Philips air fryer&prds=catalogid:3378773772249853115,productid:12530561253984463454,headlineOfferDocid:7325207501617134183,imageDocid:14770795604693632930,gpcid:7587799304893983097,pvt:hg&hl=en&gl=in&udm=28",1,1,"Electronix Hub (Kolkata store); speaker ₹4,890 below usual ~₹5.5-6k"
in_philips-air-fryer_6,Philips air fryer,in,6,Philips 94 Truly Wireless Earbuds with ANC Quad Mic ENC,dailydeals365.in,₹900,"Usually ₹1,299","https://www.google.com/search?ibp=oshop&q=Philips air fryer&prds=catalogid:4451131715560636097,productid:17863635215063477901,headlineOfferDocid:14706375845220926229,imageDocid:2382917295876577593,rds:PC_8345260253360208125|PROD_PC_8345260253360208125,gpcid:8345260253360208125,mid:576462823178559266,pvt:hg&hl=en&gl=in&udm=28",0,,"dailydeals365.in: many reports of fake/wrong products, hidden owner"
in_philips-air-fryer_7,Philips air fryer,in,7,Havells AirOven Digi 1500W with Aero Crisp Technology Air Fryer,Tradeindia.com,"₹10,339","Usually ₹13,995","https://www.google.com/search?ibp=oshop&q=Philips air fryer&prds=catalogid:15278544603493580456,productid:12074270623587943483,headlineOfferDocid:15268109478831832768,imageDocid:4045618632075579686,rds:PC_13455748201791948579|PROD_PC_13455748201791948579,gpcid:13455748201791948579,mid:576462408596826609,pvt:hg&hl=en&gl=in&udm=28",,,"Tradeindia: B2B marketplace, seller unknown"
in_philips-air-fryer_8,Philips air fryer,in,8,Nike Alphafly 2 'Eliud Kipchoge' Men's Road Racing Shoes,Hustle Club,"₹28,499","Usually ₹30,757","https://www.google.com/search?ibp=oshop&q=Philips air fryer&prds=catalogid:4251424674833165743,productid:9428304033529415856,headlineOfferDocid:16660896466072307420,imageDocid:9875291874140297992,rds:PC_5728585347296483630|PROD_PC_5728585347296483630,gpcid:5728585347296483630,pvt:hg&hl=en&gl=in&udm=28",1,0,Hustle Club (authenticated sneakers); above Nike retail
in_philips-air-fryer_9,Philips air fryer,in,9,Men Puma F1 Trinity 2.0 Sneakers,Myntra,"₹3,239","Usually ₹3,599","https://www.google.com/search?ibp=oshop&q=Philips air fryer&prds=catalogid:6055642529950546544,productid:9234994563894485283,headlineOfferDocid:11722767881545389934,imageDocid:13035277782702477068,rds:PC_903776072281724513|PROD_PC_903776072281724513,gpcid:903776072281724513,mid:576462567059377074,pvt:hg&hl=en&gl=in&udm=28",1,,Myntra; can't judge usual price
in_prestige-pressure-cooker_0,Prestige pressure cooker,in,0,Judge by Prestige Ace Plus Outer Lid Aluminium Pressure Cooker 3 L,Judge by Prestige,₹999,,"https://www.google.com/search?ibp=oshop&q=Prestige pressure cooker&prds=catalogid:587053320660758073,productid:2590397251950855773,headlineOfferDocid:11693851473382747717,imageDocid:3396220538157000586,rds:PC_14924883526060683653|PROD_PC_14924883526060683653,gpcid:14924883526060683653,mid:576462815376414239,pvt:hg&hl=en&gl=in&udm=28",1,0,Judge by Prestige (TTK brand store); typical price
in_prestige-pressure-cooker_1,Prestige pressure cooker,in,1,Prestige Aluminium Popular Plus Svachh Pressure Cooker,TTK PrestigeLimited,"₹3,195",,"https://www.google.com/search?ibp=oshop&q=Prestige pressure cooker&prds=catalogid:10601346617042935339,productid:7404568371423948043,headlineOfferDocid:10517726673172016103,imageDocid:6153053276570726819,rds:PC_6402584726283840390|PROD_PC_6402584726283840390,gpcid:6402584726283840390,mid:576462859595635052,pvt:hg&hl=en&gl=in&udm=28",1,0,TTK Prestige official store; MRP-level
in_prestige-pressure-cooker_2,Prestige pressure cooker,in,2,Prestige Nakshatra Cute Induction Bottom Pressure Cooker,TTK PrestigeLimited,"₹2,245",,"https://www.google.com/search?ibp=oshop&q=Prestige pressure cooker&prds=catalogid:9503521867312171282,productid:15344421365768040914,headlineOfferDocid:15397899594849486323,imageDocid:6229024126740229914,rds:PC_14076442619367490696|PROD_PC_14076442619367490696,gpcid:14076442619367490696,mid:576462808075701092,pvt:hg&hl=en&gl=in&udm=28",1,0,TTK Prestige official store; MRP-level
in_prestige-pressure-cooker_3,Prestige pressure cooker,in,3,Prestige Nakshatra Svachh Pressure Cooker,TTK PrestigeLimited,"₹1,150",,"https://www.google.com/search?ibp=oshop&q=Prestige pressure cooker&prds=catalogid:15775528520562247302,productid:14700205898107196904,headlineOfferDocid:1697038924625121775,imageDocid:15673272641937419968,rds:PC_166506406943429032|PROD_PC_166506406943429032,gpcid:166506406943429032,mid:576462808305606621,pvt:hg&hl=en&gl=in&udm=28",1,0,TTK Prestige official store; MRP-level
in_prestige-pressure-cooker_4,Prestige pressure cooker,in,4,Prestige Svachh Aluminium Pressure Cooker,TTK PrestigeLimited,"₹2,455",,"https://www.google.com/search?ibp=oshop&q=Prestige pressure cooker&prds=catalogid:13898905933953955889,productid:7391494019308188152,headlineOfferDocid:11129250977596823015,imageDocid:15300728540796685113,rds:PC_1483961799983594063|PROD_PC_1483961799983594063,gpcid:1483961799983594063,pvt:hg&hl=en&gl=in&udm=28",1,0,TTK Prestige official store; MRP-level
in_prestige-pressure-cooker_5,Prestige pressure cooker,in,5,Prestige Flip-on Tri-ply Outer Lid Induction Bottom Pressure Cooker,TTK PrestigeLimited,"₹5,570",,"https://www.google.com/search?ibp=oshop&q=Prestige pressure cooker&prds=catalogid:196447986531628156,productid:13492574898491968637,headlineOfferDocid:6823362143673912861,imageDocid:11832758487456618501,gpcid:2144194903050588363,mid:576462788887052145,pvt:hg&hl=en&gl=in&udm=28",1,0,TTK Prestige official store; MRP-level
in_prestige-pressure-cooker_6,Prestige pressure cooker,in,6,Prestige Svachh Nakshatra Plus Aluminium Handi Pressure Cooker,TTK PrestigeLimited,"₹1,970",,"https://www.google.com/search?ibp=oshop&q=Prestige pressure cooker&prds=catalogid:14265940451897285765,productid:15321610692761847151,headlineOfferDocid:10836555619334647968,imageDocid:6301911455395620352,rds:PC_6337520286780504360|PROD_PC_6337520286780504360,gpcid:6337520286780504360,mid:576462477907527730,pvt:hg&hl=en&gl=in&udm=28",1,0,TTK Prestige official store; MRP-level
in_prestige-pressure-cooker_7,Prestige pressure cooker,in,7,Judge By Ttk Prestige Basics Pressure Cooker,Judge by Prestige,"₹1,005",,"https://www.google.com/search?ibp=oshop&q=Prestige pressure cooker&prds=catalogid:16113792888785353076,productid:299368170042728987,headlineOfferDocid:10170844933197259392,imageDocid:1693031673753024741,rds:PC_14124811765936248080|PROD_PC_14124811765936248080,gpcid:14124811765936248080,mid:576462858995859820,pvt:hg&hl=en&gl=in&udm=28",1,0,Judge by Prestige; typical price
in_prestige-pressure-cooker_8,Prestige pressure cooker,in,8,Prestige Popular Stainless Steel Pressure Cooker,TTK PrestigeLimited,"₹2,030",,"https://www.google.com/search?ibp=oshop&q=Prestige pressure cooker&prds=catalogid:2577066969792522261,productid:11565599601658990595,headlineOfferDocid:14316899865242960093,imageDocid:78013863876100163,rds:PC_4542249019630380259|PROD_PC_4542249019630380259,gpcid:4542249019630380259,mid:576462705172579045,pvt:hg&hl=en&gl=in&udm=28",1,0,TTK Prestige official store; MRP-level
in_prestige-pressure-cooker_9,Prestige pressure cooker,in,9,Judge by Prestige Ace Plus Inner Lid Aluminium Pressure Cooker 3.0 L,Judge by Prestige,"₹1,099",,"https://www.google.com/search?ibp=oshop&q=Prestige pressure cooker&prds=catalogid:10885616119522899164,productid:4687322674176618292,headlineOfferDocid:2424005591259003524,imageDocid:2255791792524117947,rds:PC_13313213442889239381|PROD_PC_13313213442889239381,gpcid:13313213442889239381,mid:576462859934825067,pvt:hg&hl=en&gl=in&udm=28",1,0,Judge by Prestige; typical price
in_atomic-habits-book_0,Atomic Habits book,in,0,Atomic Habits by James Clear,,£18+,,,,,no seller: Google compare-price card
in_atomic-habits-book_1,Atomic Habits book,in,1,Homo Deus: A Brief History of Tomorrow,Sheetal Online Fashion Store,₹250,Usually ₹449,"https://www.google.com/search?ibp=oshop&q=Atomic Habits book&prds=catalogid:15548616738923784134,productid:7535524577486215162,headlineOfferDocid:16944160268320035982,imageDocid:6081735235096324079,rds:PC_13996559202119409481|PROD_PC_13996559202119409481,gpcid:13996559202119409481,mid:576462255515395612,pvt:hg&hl=en&gl=in&udm=28",,,"Sheetal Online Fashion Store: clothing shop selling books, couldn't verify"
in_atomic-habits-book_2,Atomic Habits book,in,2,The Genetic Effects of Radiation,amazon.in,₹500,Was ₹768,"https://www.google.com/search?ibp=oshop&q=Atomic Habits book&prds=productid:13237236568748162148,headlineOfferDocid:13237236568748162148,imageDocid:6455151349213987611,pvt:hg&hl=en&gl=in&udm=28",1,,"amazon.in; niche book, no reference"
in_atomic-habits-book_3,Atomic Habits book,in,3,Acceptance and Commitment Therapy For Dummies,amazon.in,"₹1,383.99","Was ₹2,650","https://www.google.com/search?ibp=oshop&q=Atomic Habits book&prds=productid:9687746529216185558,headlineOfferDocid:9687746529216185558,imageDocid:10057974880110129027,rds:PC_5003267545442321113|PROD_PC_5003267545442321113,pvt:hg&hl=en&gl=in&udm=28",1,,"amazon.in; import edition, no reference"
in_atomic-habits-book_4,Atomic Habits book,in,4,Activate Your Life,amazon.in,₹819,,"https://www.google.com/search?ibp=oshop&q=Atomic Habits book&prds=catalogid:397708605076802361,productid:5607447585410546659,headlineOfferDocid:1990165004856604706,imageDocid:5180062058681545268,rds:PC_12259145631514176394|PROD_PC_12259145631514176394,gpcid:12259145631514176394,mid:576462473226446726,pvt:hg&hl=en&gl=in&udm=28",1,,amazon.in; no reference
in_atomic-habits-book_5,Atomic Habits book,in,5,Total Body Transformation Secrets: Fitness Concepts Formula - Paperback,atlanticbooks.com,"₹3,432",,"https://www.google.com/search?ibp=oshop&q=Atomic Habits book&prds=catalogid:10045684912119169528,productid:4805043123069145871,headlineOfferDocid:4958348906916792433,imageDocid:8176514154048996485,gpcid:10958470557165321725,mid:576462654509491898,pvt:hg&hl=en&gl=in&udm=28",1,0,"atlanticbooks (Bookscape); ₹3,432 for a paperback"
in_atomic-habits-book_6,Atomic Habits book,in,6,Hat Your Body Knows about Happiness,atlanticbooks.com,"₹1,317","Usually ₹2,027","https://www.google.com/search?ibp=oshop&q=Atomic Habits book&prds=catalogid:2654208444342867350,productid:4308782172772664251,headlineOfferDocid:15738747922268257446,imageDocid:14770840381205406836,gpcid:7137776652743832677,mid:576462852069361723,pvt:hg&hl=en&gl=in&udm=28",1,,"atlanticbooks; import title, no reference"
in_atomic-habits-book_7,Atomic Habits book,in,7,1 2 3 the Countdown to Success Has Begun | Bookscape,atlanticbooks.com,"₹1,013","Usually ₹1,888","https://www.google.com/search?ibp=oshop&q=Atomic Habits book&prds=catalogid:12740531431378052356,productid:1553676291823604176,headlineOfferDocid:886332000707795,imageDocid:7805698038112256674,gpcid:17818766875294590796,mid:576462876322717973,pvt:hg&hl=en&gl=in&udm=28",1,,"atlanticbooks; import title, no reference"
in_atomic-habits-book_8,Atomic Habits book,in,8,Tough Shit | Bookscape,atlanticbooks.com,"₹2,070","Usually ₹2,523","https://www.google.com/search?ibp=oshop&q=Atomic Habits book&prds=catalogid:11275176066741013999,productid:3759200264053954399,headlineOfferDocid:6520534422017159599,imageDocid:7854005308246009269,gpcid:4702385739125689825,mid:576462848798015072,pvt:hg&hl=en&gl=in&udm=28",1,,"atlanticbooks; import title, no reference"
in_atomic-habits-book_9,Atomic Habits book,in,9,The Human Aura: Astral Colors and Thought Forms,amazon.in,₹640,Was ₹911,"https://www.google.com/search?ibp=oshop&q=Atomic Habits book&prds=productid:6259813394314560880,headlineOfferDocid:6259813394314560880,imageDocid:13501168960086761338,pvt:hg&hl=en&gl=in&udm=28",1,,amazon.in; no reference
in_lego-technic_0,LEGO Technic,in,0,42100 LEGO Technic Liebherr Excavator R 9800,Amazon.in,"₹1,49,999",,"https://www.google.com/search?ibp=oshop&q=LEGO Technic&prds=catalogid:5660225029657694400,productid:6837212660521183015,headlineOfferDocid:9160996909963424169,imageDocid:2447111097102628143,rds:PC_1634529540406341432|PROD_PC_1634529540406341432,gpcid:1634529540406341432,mid:576462580068786898,pvt:hg&hl=en&gl=in&udm=28",1,0,Amazon.in; retired 42100 at ₹1.5L collector price
in_lego-technic_1,LEGO Technic,in,1,LEGO 42173 Technic Koenigsegg Jesko Absolut Grey Hypercar,Zatu Games,"₹5,122.73","Usually ₹5,651","https://www.google.com/search?ibp=oshop&q=LEGO Technic&prds=catalogid:11199329460744650314,productid:1326316026299349922,headlineOfferDocid:18315256508988998507,imageDocid:8811120940544478555,rds:PC_6076125614169413941|PROD_PC_6076125614169413941,gpcid:6076125614169413941,mid:576462782143667237,pvt:hg&hl=en&gl=in&udm=28",1,1,Zatu Games (UK retailer); below India MRP
in_lego-technic_2,LEGO Technic,in,2,LEGO Technic Monster Jam Grave Digger Fire and Ice 42219,Zepto,"₹2,279",,"https://www.google.com/search?ibp=oshop&q=LEGO Technic&prds=catalogid:16090356841733642488,productid:8643211284688361625,headlineOfferDocid:16581186390105381128,imageDocid:564814527716193839,rds:PC_15568896258195513594|PROD_PC_15568896258195513594,gpcid:15568896258195513594,mid:576462849521619403,pvt:hg&hl=en&gl=in&udm=28",1,0,Zepto; at MRP
in_lego-technic_3,LEGO Technic,in,3,LEGO 42224 Technic Porsche 911 GT3 R REXY AO Racing Car,Hamleys India,"₹14,249","₹14,999","https://www.google.com/search?ibp=oshop&q=LEGO Technic&prds=catalogid:9031219089669127760,productid:18162139886516793386,headlineOfferDocid:1883343183873497441,imageDocid:11887121424403671164,rds:PC_11963966554156828322|PROD_PC_11963966554156828322,gpcid:11963966554156828322,mid:576462523855220360,pvt:hg&hl=en&gl=in&udm=28",1,0,Hamleys; 5% off MRP
in_lego-technic_4,LEGO Technic,in,4,LEGO Technic 42172 McLaren P1,Flipkart,"₹24,718","40% off₹41,199","https://www.google.com/search?ibp=oshop&q=LEGO Technic&prds=catalogid:17404117116149674888,productid:1680097461934132072,headlineOfferDocid:10509687398933001901,imageDocid:4456974358216306498,rds:PC_11278141368995964244|PROD_PC_11278141368995964244,gpcid:11278141368995964244,mid:576462525334951734,pvt:hg&hl=en&gl=in&udm=28",1,1,Flipkart; 40% off MRP
in_lego-technic_5,LEGO Technic,in,5,LEGO 42212 Technic Ferrari FXX K,Amazon.in,"₹6,849",,"https://www.google.com/search?ibp=oshop&q=LEGO Technic&prds=catalogid:2860852073587293466,productid:2100729820457818758,headlineOfferDocid:7551517957129537480,imageDocid:6237271644612492081,rds:PC_6382919986765105484|PROD_PC_6382919986765105484,gpcid:6382919986765105484,mid:576462814449578320,pvt:hg&hl=en&gl=in&udm=28",1,,Amazon.in; unsure of MRP
in_lego-technic_6,LEGO Technic,in,6,LEGO 42165 Technic Mercedes-AMG F1 W14 E Performance Pull-Back,sams toy world,"₹2,389",,"https://www.google.com/search?ibp=oshop&q=LEGO Technic&prds=catalogid:17943257622393828380,productid:6904861186067385724,headlineOfferDocid:3676283344029251011,imageDocid:18220266997500045478,rds:PC_10636680962038800519|PROD_PC_10636680962038800519,gpcid:10636680962038800519,mid:576462472768944143,pvt:hg&hl=en&gl=in&udm=28",1,0,Sam's Toy World (Ahmedabad chain); ~MRP
in_lego-technic_7,LEGO Technic,in,7,LEGO 42223 Technic 1966 Ford GT40 MKII Race Car,Toycra,"₹5,799","₹7,999","https://www.google.com/search?ibp=oshop&q=LEGO Technic&prds=catalogid:11447158931479057514,productid:14413995527443386542,headlineOfferDocid:2261157079239622168,imageDocid:14557692236757162009,rds:PC_3491608356004747974|PROD_PC_3491608356004747974,gpcid:3491608356004747974,mid:576462523761206643,pvt:hg&hl=en&gl=in&udm=28",1,1,Toycra; 27% off MRP
in_lego-technic_8,LEGO Technic,in,8,LEGO 42213 Technic Ford Bronco SUV,Hamleys India,"₹6,079",,"https://www.google.com/search?ibp=oshop&q=LEGO Technic&prds=catalogid:5047555126132856048,productid:1895879098884962771,headlineOfferDocid:4305388827657420612,imageDocid:12331726407962835480,rds:PC_7470357311460898967|PROD_PC_7470357311460898967,gpcid:7470357311460898967,mid:576462543504127034,pvt:hg&hl=en&gl=in&udm=28",1,0,Hamleys; ~MRP
in_lego-technic_9,LEGO Technic,in,9,LEGO 42207 Technic Ferrari SF-24 F1 Car,Amazon.in,"₹20,609",,"https://www.google.com/search?ibp=oshop&q=LEGO Technic&prds=catalogid:9365259011364684856,productid:15345821655017661107,headlineOfferDocid:16635710898651079556,imageDocid:15663753684966341474,rds:PC_6519170701753097852|PROD_PC_6519170701753097852,gpcid:6519170701753097852,mid:576462819859952449,pvt:hg&hl=en&gl=in&udm=28",1,0,Amazon.in; ~MRP
in_maybelline-foundation_0,Maybelline foundation,in,0,"Maybelline Medium Coverage Foundation: Oil Control & 16-Hour Wear, Shop Now! | foundation makeup matte fit me foundation and powder foundation ysl",Purplle.com - Purplle Beauty Shop,₹422,,"https://www.google.com/search?ibp=oshop&q=Maybelline foundation&prds=productid:7106910651110008755,headlineOfferDocid:7106910651110008755,imageDocid:12489452526356448415,rds:PC_6870175893233233427|PROD_PC_6870175893233233427,pvt:hg&hl=en&gl=in&udm=28",1,0,Purplle; usual online price
in_maybelline-foundation_1,Maybelline foundation,in,1,"Maybelline Medium Coverage Foundation: Oil Control & 16-Hour Wear, Shop Now! | foundation makeup matte fit me foundation and powder foundation ysl",Purplle.com - Purplle Beauty Shop,₹376,,"https://www.google.com/search?ibp=oshop&q=Maybelline foundation&prds=productid:7978408223492596067,headlineOfferDocid:7978408223492596067,imageDocid:12489452526356448415,rds:PC_6870175893233233427|PROD_PC_6870175893233233427,pvt:hg&hl=en&gl=in&udm=28",1,0,Purplle; usual online price
in_maybelline-foundation_2,Maybelline foundation,in,2,"Maybelline New York Fit Me Matte+Poreless Liquid Foundation 16H Oil Control - 125 Nude Beige, 30 ml(Foundation)",Purplle.com - Purplle Beauty Shopping,₹376,,"https://www.google.com/search?ibp=oshop&q=Maybelline foundation&prds=productid:1324666950122091122,headlineOfferDocid:1324666950122091122,imageDocid:3953956486772752434,rds:PC_6870175893233233427|PROD_PC_6870175893233233427,pvt:hg&hl=en&gl=in&udm=28",1,0,Purplle; usual online price
in_maybelline-foundation_3,Maybelline foundation,in,3,"Maybelline Medium Coverage Liquid Foundation in Light Beige, Matte Finish, SPF 22, 16H Wear | foundation routine for oily skin pro artist light weight",Purplle.com - Purplle Shop,₹376,,"https://www.google.com/search?ibp=oshop&q=Maybelline foundation&prds=productid:13584734625233486709,headlineOfferDocid:13584734625233486709,imageDocid:12489452526356448415,rds:PC_6870175893233233427|PROD_PC_6870175893233233427,pvt:hg&hl=en&gl=in&udm=28",1,0,Purplle; usual online price
in_maybelline-foundation_4,Maybelline foundation,in,4,"Maybelline Liquid Foundation, Medium Coverage: Ideal for Normal to Oily Skin, 18 ml | foundation cream oily skin bb cream best oily skin foundation",Purplle.com - Purplle Shop,₹181,,"https://www.google.com/search?ibp=oshop&q=Maybelline foundation&prds=productid:1861676014485951399,headlineOfferDocid:1861676014485951399,imageDocid:4679999476896109757,rds:PC_6870175893233233427|PROD_PC_6870175893233233427,pvt:hg&hl=en&gl=in&udm=28",1,0,Purplle; usual online price
in_maybelline-foundation_5,Maybelline foundation,in,5,"Maybelline SPF 22 Matte Foundation Light Beige, Medium Coverage, Oil Control, 30ml, Lightweight | lakme absolute foundation cream bb foundation",Purplle.com - Purplle Beauty Shop,₹376,,"https://www.google.com/search?ibp=oshop&q=Maybelline foundation&prds=productid:3209157485542252923,headlineOfferDocid:3209157485542252923,imageDocid:12489452526356448415,rds:PC_6870175893233233427|PROD_PC_6870175893233233427,pvt:hg&hl=en&gl=in&udm=28",1,0,Purplle; usual online price
in_maybelline-foundation_6,Maybelline foundation,in,6,"Maybelline Lightweight Foundation for Normal to Oily Skin, SPF 22, Light Beige, 30ml | faces canada 3 in 1 foundation oily skin foundation",Purplle.com - Beauty Online,₹376,,"https://www.google.com/search?ibp=oshop&q=Maybelline foundation&prds=productid:9040351306984651187,headlineOfferDocid:9040351306984651187,imageDocid:12489452526356448415,rds:PC_6870175893233233427|PROD_PC_6870175893233233427,pvt:hg&hl=en&gl=in&udm=28",1,0,Purplle; usual online price
in_maybelline-foundation_7,Maybelline foundation,in,7,"Maybelline Medium Coverage Light Beige Foundation, SPF 22, Matte Finish, Ideal for Oily Skin | dior foundation liquid highlighter nykaa foundation",Purplle.com - Purplle Shopping,₹376,,"https://www.google.com/search?ibp=oshop&q=Maybelline foundation&prds=productid:17534031294189957840,headlineOfferDocid:17534031294189957840,imageDocid:12489452526356448415,rds:PC_6870175893233233427|PROD_PC_6870175893233233427,pvt:hg&hl=en&gl=in&udm=28",1,0,Purplle; usual online price
in_maybelline-foundation_8,Maybelline foundation,in,8,Maybelline Matte Foundation: Perfect for Normal to Oily Skin - Shop Now for a Flawless Look! | blurring foundation glowy foundation comparison spf set,Purplle.com - Purplle Shop,₹181,,"https://www.google.com/search?ibp=oshop&q=Maybelline foundation&prds=productid:1629284895050829362,headlineOfferDocid:1629284895050829362,imageDocid:16456893733394483677,rds:PC_6730783992692728362|PROD_PC_6730783992692728362,pvt:hg&hl=en&gl=in&udm=28",1,0,Purplle; usual online price
in_maybelline-foundation_9,Maybelline foundation,in,9,"Maybelline Liquid Foundation: Perfect for Normal to Oily Skin, Dermatologically Tested! | buildable foundation makeup shade -230 long wear spf 20 spf",Purplle.com - Purplle Shop,₹181,,"https://www.google.com/search?ibp=oshop&q=Maybelline foundation&prds=productid:7543354909691280285,headlineOfferDocid:7543354909691280285,imageDocid:5748029128529820530,rds:PC_6870175893233233427|PROD_PC_6870175893233233427,pvt:hg&hl=en&gl=in&udm=28",1,0,Purplle; usual online price
in_rolex-submariner-watch_0,Rolex Submariner watch,in,0,Rolex Submariner Date 41 Yellow Gold Blue Dial 41mm,TATA CLiQ LUXURY,"₹42,00,000",,"https://www.google.com/search?ibp=oshop&q=Rolex Submariner watch&prds=catalogid:2575707411566702165,productid:16965239913432991211,headlineOfferDocid:3817018410652224676,imageDocid:2754572667657246656,gpcid:9070626799114505276,pvt:a&hl=en&gl=in&udm=28",1,0,Tata CLiQ Luxury; ≈ retail
in_rolex-submariner-watch_1,Rolex Submariner watch,in,1,Rolex Submariner,Kamal Watch Company,"₹9,34,000",,"https://www.google.com/search?ibp=oshop&q=Rolex Submariner watch&prds=catalogid:4729179747666282247,productid:9709554217835572447,headlineOfferDocid:12197980127414513124,imageDocid:6310297356653330877,gpcid:9495546491217472851,mid:576462563296256849,pvt:a&hl=en&gl=in&udm=28",1,0,Kamal Watch Co (established Delhi retailer); ≈ retail
in_rolex-submariner-watch_2,Rolex Submariner watch,in,2,Rolex Oyster Perpetual Submariner 41mm 126610ln,SANDS,"₹17,36,477.92",,"https://www.google.com/search?ibp=oshop&q=Rolex Submariner watch&prds=catalogid:17891578517847459477,productid:5340827788225634001,headlineOfferDocid:8411123016841638470,imageDocid:5534453363630697934,gpcid:12046947773400060326,mid:576462896395585932,pvt:a&hl=en&gl=in&udm=28",,,SANDS: couldn't identify the seller
in_rolex-submariner-watch_3,Rolex Submariner watch,in,3,"Rolex ""Hulk"" Submariner Date Green Ceramic Bezel Green Dial Stainless Steel 40mm",farfetch.com,"₹37,72,434.13",,"https://www.google.com/search?ibp=oshop&q=Rolex Submariner watch&prds=catalogid:2193545774102380317,productid:12116334979950211333,headlineOfferDocid:17842667135893207086,imageDocid:10413564288225077364,gpcid:10116510275745744144,mid:576462562941154209,pvt:a&hl=en&gl=in&udm=28",1,0,Farfetch; pre-owned Hulk well above market
in_rolex-submariner-watch_4,Rolex Submariner watch,in,4,Rolex Oyster Perpetual Submariner 41mm 126619lb,Pride & Pinion,"₹37,50,100",,"https://www.google.com/search?ibp=oshop&q=Rolex Submariner watch&prds=catalogid:16686855505854117542,productid:5430387781301147737,headlineOfferDocid:14951525162143390899,imageDocid:536629365976701274,rds:PC_154537837079140638|PROD_PC_154537837079140638,gpcid:154537837079140638,mid:576462892688549540,pvt:a&hl=en&gl=in&udm=28",1,0,Pride & Pinion (Indian luxury retailer); ≈ retail
in_rolex-submariner-watch_5,Rolex Submariner watch,in,5,MINDS Rolex Submariner in Black - Black. Size all.,FWRD India,"₹24,81,342.25",,"https://www.google.com/search?ibp=oshop&q=Rolex Submariner watch&prds=productid:10306486055461672425,headlineOfferDocid:10306486055461672425,imageDocid:10385284769807930479,pvt:a&hl=en&gl=in&udm=28",1,0,"FWRD; aftermarket-customised watch, far above standard model"
in_rolex-submariner-watch_6,Rolex Submariner watch,in,6,Rolex Oyster Perpetual Submariner 41mm 126613l,Kamal Watch Company,"₹18,91,000",,"https://www.google.com/search?ibp=oshop&q=Rolex Submariner watch&prds=catalogid:10280877503876375424,productid:15297574470972005260,headlineOfferDocid:12671614889591211086,imageDocid:11186399223695054035,gpcid:12488155781912351078,mid:576462898024958522,pvt:a&hl=en&gl=in&udm=28",1,0,Kamal Watch Co; ≈ retail
in_rolex-submariner-watch_7,Rolex Submariner watch,in,7,Classy Rolex Submariner Watch For Men,blinkartz,"₹1,849",,"https://www.google.com/search?ibp=oshop&q=Rolex Submariner watch&prds=productid:5491441838731148339,headlineOfferDocid:5491441838731148339,imageDocid:681776106160497353,pvt:a&hl=en&gl=in&udm=28",0,,"blinkartz: fashion shop selling a 'Rolex Submariner' for ₹1,849 — not a genuine Rolex"
in_rolex-submariner-watch_8,Rolex Submariner watch,in,8,Rolex Oyster Perpetual Submariner 41mm 126618ln,Second Movement,"₹45,45,000",,"https://www.google.com/search?ibp=oshop&q=Rolex Submariner watch&prds=catalogid:6590497814160428928,productid:14074344061068107155,headlineOfferDocid:2676350623994551685,imageDocid:3396484203214175918,gpcid:2538250668103251308,mid:576462898011056544,pvt:a&hl=en&gl=in&udm=28",1,0,Second Movement (Ethos pre-owned); above new retail
in_rolex-submariner-watch_9,Rolex Submariner watch,in,9,MAD Paris customised Rolex Submariner 40mm men,farfetch.com,"₹90,59,960.20",,"https://www.google.com/search?ibp=oshop&q=Rolex Submariner watch&prds=catalogid:4639269326350562599,productid:8371152360619100004,headlineOfferDocid:13112461225330290576,imageDocid:9092637898223510616,gpcid:16530566735565143260,mid:576462897996123862,pvt:a&hl=en&gl=in&udm=28",1,0,"Farfetch; customised, far above standard"
in_ray-ban-aviator-sunglasses_0,Ray-Ban Aviator sunglasses,in,0,Ray-Ban Aviator Sunglasses,Ray-Ban,"₹8,690",,"https://www.google.com/search?ibp=oshop&q=Ray-Ban Aviator sunglasses&prds=catalogid:2783926662972776662,productid:13143272260962230810,headlineOfferDocid:403634977660576369,imageDocid:11897014682550068658,rds:PC_1613144510991051482|PROD_PC_1613144510991051482,gpcid:1613144510991051482,mid:576462892652988542,pvt:a&hl=en&gl=in&udm=28",1,0,Ray-Ban official; retail
in_ray-ban-aviator-sunglasses_1,Ray-Ban Aviator sunglasses,in,1,Aviator Classic,Ray-Ban,"₹10,990",,"https://www.google.com/search?ibp=oshop&q=Ray-Ban Aviator sunglasses&prds=productid:4511295655409931953,headlineOfferDocid:4511295655409931953,imageDocid:13403316293259744578,rds:PC_16097396275571774200|PROD_PC_16097396275571774200,pvt:a&hl=en&gl=in&udm=28",1,0,Ray-Ban official; retail
in_ray-ban-aviator-sunglasses_2,Ray-Ban Aviator sunglasses,in,2,Men Ray-Ban RB3025 Aviator Large Metal 9196G4,india.ray-ban.com,"₹8,690",,"https://www.google.com/search?ibp=oshop&q=Ray-Ban Aviator sunglasses&prds=catalogid:4478192262546892509,productid:8638148050780409423,headlineOfferDocid:1787118472119359712,imageDocid:5271389364760060903,rds:PC_16781124569320532558|PROD_PC_16781124569320532558,gpcid:16781124569320532558,pvt:a&hl=en&gl=in&udm=28",1,0,Ray-Ban India official; retail
in_ray-ban-aviator-sunglasses_3,Ray-Ban Aviator sunglasses,in,3,RayBan RB3025 0025 Black,Amazon.in,"₹6,279",,"https://www.google.com/search?ibp=oshop&q=Ray-Ban Aviator sunglasses&prds=catalogid:10689864778677697155,productid:4168886782801329624,headlineOfferDocid:441851629192774633,imageDocid:10800125684490313861,gpcid:7585218662378465526,mid:576462898004478626,pvt:a&hl=en&gl=in&udm=28",1,1,"Amazon.in; ₹6,279 below ₹8,690 retail"
in_ray-ban-aviator-sunglasses_4,Ray-Ban Aviator sunglasses,in,4,Men's Ray-Ban Ray Ban Aviator Classic Sunglasses,Ray-Ban,"₹18,290",,"https://www.google.com/search?ibp=oshop&q=Ray-Ban Aviator sunglasses&prds=catalogid:11189082883745166379,productid:6976433195155175685,headlineOfferDocid:12657619424558854512,imageDocid:11527505837234479295,gpcid:12418323809247608279,mid:576462896376522497,pvt:a&hl=en&gl=in&udm=28",1,0,Ray-Ban official; premium variant at retail
in_ray-ban-aviator-sunglasses_5,Ray-Ban Aviator sunglasses,in,5,Ray-Ban Aviator RB3025,Myntra,"₹13,491","10% off₹14,990","https://www.google.com/search?ibp=oshop&q=Ray-Ban Aviator sunglasses&prds=catalogid:3885124533153927393,productid:13774050383825577302,headlineOfferDocid:3061856504250134161,imageDocid:2926119827772106800,rds:PC_17520563547427058797|PROD_PC_17520563547427058797,gpcid:7316257459172716040,mid:576462235336127813,pvt:a&hl=en&gl=in&udm=28",1,0,"Myntra; 10% off a premium variant, ≈ retail"
in_ray-ban-aviator-sunglasses_6,Ray-Ban Aviator sunglasses,in,6,Ray-ban Aviator Sunglasses,Flipkart,"₹8,181","10% off₹9,090","https://www.google.com/search?ibp=oshop&q=Ray-Ban Aviator sunglasses&prds=catalogid:751702513055225183,productid:13141564360538617076,headlineOfferDocid:10093499460074529224,imageDocid:3522364328720012777,rds:PC_7454239936273153725|PROD_PC_7454239936273153725,gpcid:7454239936273153725,pvt:a&hl=en&gl=in&udm=28",1,1,"Flipkart; ₹8,181, a little below retail"
in_ray-ban-aviator-sunglasses_7,Ray-Ban Aviator sunglasses,in,7,Ray-Ban Meta RW4014 Skyler,Ray-Ban,"₹45,700",,"https://www.google.com/search?ibp=oshop&q=Ray-Ban Aviator sunglasses&prds=catalogid:9235242142342058051,productid:2398701270878792235,headlineOfferDocid:10696847151667929924,imageDocid:2395282914563256062,rds:PC_17487286503574263977|PROD_PC_17487286503574263977,gpcid:17487286503574263977,mid:576462562431527497,pvt:a&hl=en&gl=in&udm=28",1,0,Ray-Ban official; Meta glasses at retail
in_ray-ban-aviator-sunglasses_8,Ray-Ban Aviator sunglasses,in,8,Ray-Ban Men RAYBAN RB3129I OUTDOORSMAN W1504 58 Sunglasses,Amazon.in,"₹4,942",,"https://www.google.com/search?ibp=oshop&q=Ray-Ban Aviator sunglasses&prds=catalogid:4143517856814677448,productid:520850754737397617,headlineOfferDocid:1702934724439623343,imageDocid:9764429334475741164,gpcid:681488723198236739,pvt:a&hl=en&gl=in&udm=28",1,,Amazon.in; unsure of this model's retail
in_ray-ban-aviator-sunglasses_9,Ray-Ban Aviator sunglasses,in,9,Ray-Ban Men Aviator Sunglasses,Myntra,"₹5,542","25% off₹7,390","https://www.google.com/search?ibp=oshop&q=Ray-Ban Aviator sunglasses&prds=catalogid:12384210594840918216,productid:4110431840971610312,headlineOfferDocid:1093416843542957570,imageDocid:98538139267201049,gpcid:18054535756081713448,mid:576462563318453623,pvt:a&hl=en&gl=in&udm=28",1,1,Myntra; 25% off
